"url","Searchresult link","Searchresult link_link","Snp value","Snp value_link","Yoe value","Yoe value_link","Srcresult description","Srcresult description_link","Skills label","Skills values","Apply label","Apply value"
"https://www.shine.com/job-search/it-software-industry-jobs-7","TCS is hiring for SAP BOATata Consultancy Services Ltd.2 to 5 YrsBangalore SAP Business Objects Administrator End to End administration experience in SAP Business Objects Enterprise XI 3.x and 4.0, Data Services (Data Integration and Data Quality) management to include installation, Rapid.","https://www.shine.com/jobs/tcs-is-hiring-for-sap-boa/tata-consultancy-services-ltd/6512465/","TCS is hiring for SAP BOA","https://www.shine.com/jobs/tcs-is-hiring-for-sap-boa/tata-consultancy-services-ltd/6512465/","2 to 5 Yrs","https://www.shine.com/jobs/tcs-is-hiring-for-sap-boa/tata-consultancy-services-ltd/6512465/","SAP Business Objects Administrator End to End administration experience in SAP Business Objects Enterprise XI 3.x and 4.0, Data Services (Data Integration and Data Quality) management to include installation, Rapid.","https://www.shine.com/jobs/tcs-is-hiring-for-sap-boa/tata-consultancy-services-ltd/6512465/","Skills :","Business objects Admin,; SAP BOA,; SAP Business objects","Apply","Posted Date 12-Dec-2016"
"https://www.shine.com/job-search/it-software-industry-jobs-7","TCS is hiring for SAP CLMTata Consultancy Services Ltd.4 to 7 YrsBangalore Must-Have Thorough knowledge in CLM, E-Sourcing and CLM Integration with SRM Good-to-Have SRM Catalog Management, SRM Org structure, IDOC & Workflow, WF notifications Role descriptions / Expectations from the Role::.","https://www.shine.com/jobs/tcs-is-hiring-for-sap-clm/tata-consultancy-services-ltd/6512491/","TCS is hiring for SAP CLM","https://www.shine.com/jobs/tcs-is-hiring-for-sap-clm/tata-consultancy-services-ltd/6512491/","4 to 7 Yrs","https://www.shine.com/jobs/tcs-is-hiring-for-sap-clm/tata-consultancy-services-ltd/6512491/","Must-Have Thorough knowledge in CLM, E-Sourcing and CLM Integration with SRM Good-to-Have SRM Catalog Management, SRM Org structure, IDOC & Workflow, WF notifications Role descriptions / Expectations from the Role::.","https://www.shine.com/jobs/tcs-is-hiring-for-sap-clm/tata-consultancy-services-ltd/6512491/","Skills :","CLM,; SAP CLM","Apply","Posted Date 12-Dec-2016"
"https://www.shine.com/job-search/it-software-industry-jobs-7","TCS is hiring for SAP CRMTata Consultancy Services Ltd.7 to 10 YrsBangalore * 7+ years of experience in SAP CRM * CRM Service experience is a must * Experience with iBase module of atleast 1 year.","https://www.shine.com/jobs/tcs-is-hiring-for-sap-crm/tata-consultancy-services-ltd/6512519/","TCS is hiring for SAP CRM","https://www.shine.com/jobs/tcs-is-hiring-for-sap-crm/tata-consultancy-services-ltd/6512519/","7 to 10 Yrs","https://www.shine.com/jobs/tcs-is-hiring-for-sap-crm/tata-consultancy-services-ltd/6512519/","* 7+ years of experience in SAP CRM * CRM Service experience is a must * Experience with iBase module of atleast 1 year.","https://www.shine.com/jobs/tcs-is-hiring-for-sap-crm/tata-consultancy-services-ltd/6512519/","Skills :","iBase,; SAP CRM","Apply","Posted Date 12-Dec-2016"
"https://www.shine.com/job-search/it-software-industry-jobs-7","TCS is hiring SAP FITata Consultancy Services Ltd.10 to 15 YrsBangalore 5+years of working experience in SAP FICO, Should be strong in all areas of Financial Accounting - General Ledger, Accounts Receivable, Accounts Payable, Bank Accounting, Asset Accounting, etc. Exposure to.","https://www.shine.com/jobs/tcs-is-hiring-sap-fi/tata-consultancy-services-ltd/6512533/","TCS is hiring SAP FI","https://www.shine.com/jobs/tcs-is-hiring-sap-fi/tata-consultancy-services-ltd/6512533/","10 to 15 Yrs","https://www.shine.com/jobs/tcs-is-hiring-sap-fi/tata-consultancy-services-ltd/6512533/","5+years of working experience in SAP FICO, Should be strong in all areas of Financial Accounting - General Ledger, Accounts Receivable, Accounts Payable, Bank Accounting, Asset Accounting, etc. Exposure to.","https://www.shine.com/jobs/tcs-is-hiring-sap-fi/tata-consultancy-services-ltd/6512533/","Skills :","SAP FI,; SAP FICO","Apply","Posted Date 12-Dec-2016"
"https://www.shine.com/job-search/it-software-industry-jobs-7","TCS is hiring SAP PITata Consultancy Services Ltd.4 to 7 YrsBangalore 5 - 8 years SAP PI/XI experience with at a minimum 1 full life cycle SAP implementations completed. PI Architecture Design, set-up & troubleshooting. Developing integration objects using PI components.","https://www.shine.com/jobs/tcs-is-hiring-sap-pi/tata-consultancy-services-ltd/6512547/","TCS is hiring SAP PI","https://www.shine.com/jobs/tcs-is-hiring-sap-pi/tata-consultancy-services-ltd/6512547/","4 to 7 Yrs","https://www.shine.com/jobs/tcs-is-hiring-sap-pi/tata-consultancy-services-ltd/6512547/","5 - 8 years SAP PI/XI experience with at a minimum 1 full life cycle SAP implementations completed. PI Architecture Design, set-up & troubleshooting. Developing integration objects using PI components.","https://www.shine.com/jobs/tcs-is-hiring-sap-pi/tata-consultancy-services-ltd/6512547/","Skills :","SAP PI","Apply","Posted Date 12-Dec-2016"
"https://www.shine.com/job-search/it-software-industry-jobs-7","TCS is hiring for Financial ArchitectTata Consultancy Services Ltd.10 to 15 YrsBangalore More than 10+ years of SAP FICO experience. Experience should be in End-to-end Implementation, Rollout, Support, upgrade, enhancements and various areas with implementation of Sub-modules like General Ledger, Accounts Payable,.","https://www.shine.com/jobs/tcs-is-hiring-for-financial-architect/tata-consultancy-services-ltd/6512567/","TCS is hiring for Financial Architect","https://www.shine.com/jobs/tcs-is-hiring-for-financial-architect/tata-consultancy-services-ltd/6512567/","10 to 15 Yrs","https://www.shine.com/jobs/tcs-is-hiring-for-financial-architect/tata-consultancy-services-ltd/6512567/","More than 10+ years of SAP FICO experience. Experience should be in End-to-end Implementation, Rollout, Support, upgrade, enhancements and various areas with implementation of Sub-modules like General Ledger, Accounts Payable,.","https://www.shine.com/jobs/tcs-is-hiring-for-financial-architect/tata-consultancy-services-ltd/6512567/","Skills :","Financial Architect,; SAP FICO","Apply","Posted Date 12-Dec-2016"
"https://www.shine.com/job-search/it-software-industry-jobs-7","TCS is hiring for Data ArchitectTata Consultancy Services Ltd.10 to 15 YrsBangalore 8-10 Years of Experience in SAP Data Architect Data Modeler/Data Architect to provide expert guidance on gathering and analysis of business data requirements and the creation of conceptual, logical, and.","https://www.shine.com/jobs/tcs-is-hiring-for-data-architect/tata-consultancy-services-ltd/6512587/","TCS is hiring for Data Architect","https://www.shine.com/jobs/tcs-is-hiring-for-data-architect/tata-consultancy-services-ltd/6512587/","10 to 15 Yrs","https://www.shine.com/jobs/tcs-is-hiring-for-data-architect/tata-consultancy-services-ltd/6512587/","8-10 Years of Experience in SAP Data Architect Data Modeler/Data Architect to provide expert guidance on gathering and analysis of business data requirements and the creation of conceptual, logical, and.","https://www.shine.com/jobs/tcs-is-hiring-for-data-architect/tata-consultancy-services-ltd/6512587/","Skills :","Data Architect,; Data modeller,; SAP Data Architect","Apply","Posted Date 12-Dec-2016"
"https://www.shine.com/job-search/it-software-industry-jobs-7","TCS is hiring for Landscape ArchitectTata Consultancy Services Ltd.10 to 15 YrsBangalore 8-12 Years of SAP Experience with strong experience in analyzing, designing, proposing and delivering SAP Technical Architecture Solutions along with experience on SAP S4/HANA Solid SAP BASIS experience with ability.","https://www.shine.com/jobs/tcs-is-hiring-for-landscape-architect/tata-consultancy-services-ltd/6512599/","TCS is hiring for Landscape Architect","https://www.shine.com/jobs/tcs-is-hiring-for-landscape-architect/tata-consultancy-services-ltd/6512599/","10 to 15 Yrs","https://www.shine.com/jobs/tcs-is-hiring-for-landscape-architect/tata-consultancy-services-ltd/6512599/","8-12 Years of SAP Experience with strong experience in analyzing, designing, proposing and delivering SAP Technical Architecture Solutions along with experience on SAP S4/HANA Solid SAP BASIS experience with ability.","https://www.shine.com/jobs/tcs-is-hiring-for-landscape-architect/tata-consultancy-services-ltd/6512599/","Skills :","Landscape Architect,; SAP Basis,; SAP HANA,; SAP S4","Apply","Posted Date 12-Dec-2016"
"https://www.shine.com/job-search/it-software-industry-jobs-7","TCS is hiring for IMWM ArchitectTata Consultancy Services Ltd.8 to 15 YrsBangalore 8+ years of hands-on SAP configuration experience in inventory management (IM) and warehouse management (WM) Experience with functional analysis, module design and configuration and test planning/execution for delivered and.","https://www.shine.com/jobs/tcs-is-hiring-for-imwm-architect/tata-consultancy-services-ltd/6512635/","TCS is hiring for IMWM Architect","https://www.shine.com/jobs/tcs-is-hiring-for-imwm-architect/tata-consultancy-services-ltd/6512635/","8 to 15 Yrs","https://www.shine.com/jobs/tcs-is-hiring-for-imwm-architect/tata-consultancy-services-ltd/6512635/","8+ years of hands-on SAP configuration experience in inventory management (IM) and warehouse management (WM) Experience with functional analysis, module design and configuration and test planning/execution for delivered and.","https://www.shine.com/jobs/tcs-is-hiring-for-imwm-architect/tata-consultancy-services-ltd/6512635/","Skills :","IMWM,; SAP IMWM","Apply","Posted Date 12-Dec-2016"
"https://www.shine.com/job-search/it-software-industry-jobs-7","TCS is hiring for Deiver ArchitectTata Consultancy Services Ltd.10 to 15 YrsBangalore More than 10+ years of SAP ERP Logistics experience. As Architect for SAP ERP Logistics ( MM, SD & PP ), analyse large document volumes for processing in Inbound /.","https://www.shine.com/jobs/tcs-is-hiring-for-deiver-architect/tata-consultancy-services-ltd/6512647/","TCS is hiring for Deiver Architect","https://www.shine.com/jobs/tcs-is-hiring-for-deiver-architect/tata-consultancy-services-ltd/6512647/","10 to 15 Yrs","https://www.shine.com/jobs/tcs-is-hiring-for-deiver-architect/tata-consultancy-services-ltd/6512647/","More than 10+ years of SAP ERP Logistics experience. As Architect for SAP ERP Logistics ( MM, SD & PP ), analyse large document volumes for processing in Inbound /.","https://www.shine.com/jobs/tcs-is-hiring-for-deiver-architect/tata-consultancy-services-ltd/6512647/","Skills :","Deiver Architect,; SAP ERP","Apply","Posted Date 12-Dec-2016"
"https://www.shine.com/job-search/it-software-industry-jobs-7","TCS is hiring for SAP BOTata Consultancy Services Ltd.4 to 7 YrsBangalore SAP Business Objects :: End to End experience in SAP Business Objects Enterprise XI 3.x and 4.0, Data Services (Data Integration and Data Quality) management to include installation, Rapid Data.","https://www.shine.com/jobs/tcs-is-hiring-for-sap-bo/tata-consultancy-services-ltd/6513003/","TCS is hiring for SAP BO","https://www.shine.com/jobs/tcs-is-hiring-for-sap-bo/tata-consultancy-services-ltd/6513003/","4 to 7 Yrs","https://www.shine.com/jobs/tcs-is-hiring-for-sap-bo/tata-consultancy-services-ltd/6513003/","SAP Business Objects :: End to End experience in SAP Business Objects Enterprise XI 3.x and 4.0, Data Services (Data Integration and Data Quality) management to include installation, Rapid Data.","https://www.shine.com/jobs/tcs-is-hiring-for-sap-bo/tata-consultancy-services-ltd/6513003/","Skills :","SAP BO","Apply","Posted Date 12-Dec-2016"
"https://www.shine.com/job-search/it-software-industry-jobs-7","TCS is hiring for Agile CoachTata Consultancy Services Ltd.10 to 15 YrsBangalore 9-12 years of Agile Coach experience Provide process direction to project team members, acting as a scrum coach Consult on and utilize the latest Agile methodologies Maintain relevant metrics that.","https://www.shine.com/jobs/tcs-is-hiring-for-agile-coach/tata-consultancy-services-ltd/6512659/","TCS is hiring for Agile Coach","https://www.shine.com/jobs/tcs-is-hiring-for-agile-coach/tata-consultancy-services-ltd/6512659/","10 to 15 Yrs","https://www.shine.com/jobs/tcs-is-hiring-for-agile-coach/tata-consultancy-services-ltd/6512659/","9-12 years of Agile Coach experience Provide process direction to project team members, acting as a scrum coach Consult on and utilize the latest Agile methodologies Maintain relevant metrics that.","https://www.shine.com/jobs/tcs-is-hiring-for-agile-coach/tata-consultancy-services-ltd/6512659/","Skills :","Agile Coach","Apply","Posted Date 12-Dec-2016"
"https://www.shine.com/job-search/it-software-industry-jobs-7","TCS is hiring for SAP BO AdminTata Consultancy Services Ltd.4 to 7 YrsBangalore SAP Business Objects Administrator End to End administration experience in SAP Business Objects Enterprise XI 3.x and 4.0, Data Services (Data Integration and Data Quality) management to include installation, Rapid.","https://www.shine.com/jobs/tcs-is-hiring-for-sap-bo-admin/tata-consultancy-services-ltd/6512693/","TCS is hiring for SAP BO Admin","https://www.shine.com/jobs/tcs-is-hiring-for-sap-bo-admin/tata-consultancy-services-ltd/6512693/","4 to 7 Yrs","https://www.shine.com/jobs/tcs-is-hiring-for-sap-bo-admin/tata-consultancy-services-ltd/6512693/","SAP Business Objects Administrator End to End administration experience in SAP Business Objects Enterprise XI 3.x and 4.0, Data Services (Data Integration and Data Quality) management to include installation, Rapid.","https://www.shine.com/jobs/tcs-is-hiring-for-sap-bo-admin/tata-consultancy-services-ltd/6512693/","Skills :","SAP BO,; SAP BO Admin","Apply","Posted Date 12-Dec-2016"
"https://www.shine.com/job-search/it-software-industry-jobs-7","TCS is hiring for SAP DMSTata Consultancy Services Ltd.4 to 7 YrsBangalore * Expertise in SAP DMS with extensive knowledge on DMS KPRO, classification and Characteristics. * Expertise on Cfolders. * Expertise on ALE-IDOCS * Good knowledge on SAP webservices. * Willing.","https://www.shine.com/jobs/tcs-is-hiring-for-sap-dms/tata-consultancy-services-ltd/6512707/","TCS is hiring for SAP DMS","https://www.shine.com/jobs/tcs-is-hiring-for-sap-dms/tata-consultancy-services-ltd/6512707/","4 to 7 Yrs","https://www.shine.com/jobs/tcs-is-hiring-for-sap-dms/tata-consultancy-services-ltd/6512707/","* Expertise in SAP DMS with extensive knowledge on DMS KPRO, classification and Characteristics. * Expertise on Cfolders. * Expertise on ALE-IDOCS * Good knowledge on SAP webservices. * Willing.","https://www.shine.com/jobs/tcs-is-hiring-for-sap-dms/tata-consultancy-services-ltd/6512707/","Skills :","SAP DMS","Apply","Posted Date 12-Dec-2016"
"https://www.shine.com/job-search/it-software-industry-jobs-7","TCS is hiring for SAP BWTata Consultancy Services Ltd.4 to 7 YrsBangalore * Work experience of SAP BW * Knowledge of Oracle,DB2 Sybase and SQL Server databases * Experience in Support projects to handle Data base activities in resolving the issues of.","https://www.shine.com/jobs/tcs-is-hiring-for-sap-bw/tata-consultancy-services-ltd/6512723/","TCS is hiring for SAP BW","https://www.shine.com/jobs/tcs-is-hiring-for-sap-bw/tata-consultancy-services-ltd/6512723/","4 to 7 Yrs","https://www.shine.com/jobs/tcs-is-hiring-for-sap-bw/tata-consultancy-services-ltd/6512723/","* Work experience of SAP BW * Knowledge of Oracle,DB2 Sybase and SQL Server databases * Experience in Support projects to handle Data base activities in resolving the issues of.","https://www.shine.com/jobs/tcs-is-hiring-for-sap-bw/tata-consultancy-services-ltd/6512723/","Skills :","SAP BW","Apply","Posted Date 12-Dec-2016"
"https://www.shine.com/job-search/it-software-industry-jobs-7","TCS is hiring for SAP SDTata Consultancy Services Ltd.7 to 10 YrsBangalore Experience in SAP Sales and distribution Module (SD/MM) Should have strong functional skills including configuration in Sales and distribution /MM Should have strong knowledge in SD\MM pricing procedures Should have.","https://www.shine.com/jobs/tcs-is-hiring-for-sap-sd/tata-consultancy-services-ltd/6507625/","TCS is hiring for SAP SD","https://www.shine.com/jobs/tcs-is-hiring-for-sap-sd/tata-consultancy-services-ltd/6507625/","7 to 10 Yrs","https://www.shine.com/jobs/tcs-is-hiring-for-sap-sd/tata-consultancy-services-ltd/6507625/","Experience in SAP Sales and distribution Module (SD/MM) Should have strong functional skills including configuration in Sales and distribution /MM Should have strong knowledge in SD\MM pricing procedures Should have.","https://www.shine.com/jobs/tcs-is-hiring-for-sap-sd/tata-consultancy-services-ltd/6507625/","Skills :","SAP SD","Apply","Posted Date 11-Dec-2016"
"https://www.shine.com/job-search/it-software-industry-jobs-7","TCS is hiring for SAP BASISTata Consultancy Services Ltd.7 to 10 YrsBangalore Skills Required: SAP BASIS : Database Management SAP BASIS : Security & Authorizations Job Description: Good hands-on experience monitoring & managing SAP system on various SAP product family (i.e. ERP,.","https://www.shine.com/jobs/tcs-is-hiring-for-sap-basis/tata-consultancy-services-ltd/6507629/","TCS is hiring for SAP BASIS","https://www.shine.com/jobs/tcs-is-hiring-for-sap-basis/tata-consultancy-services-ltd/6507629/","7 to 10 Yrs","https://www.shine.com/jobs/tcs-is-hiring-for-sap-basis/tata-consultancy-services-ltd/6507629/","Skills Required: SAP BASIS : Database Management SAP BASIS : Security & Authorizations Job Description: Good hands-on experience monitoring & managing SAP system on various SAP product family (i.e. ERP,.","https://www.shine.com/jobs/tcs-is-hiring-for-sap-basis/tata-consultancy-services-ltd/6507629/","Skills :","SAP BASIS","Apply","Posted Date 11-Dec-2016"
"https://www.shine.com/job-search/it-software-industry-jobs-7","TCS is hiring for SAP GRCTata Consultancy Services Ltd.4 to 7 YrsBangalore Candidates should have Experience in SAP Security and Authorization area having experience in GRC. . Exposure to following areas are required : Super User Privilage Management (FireFighter).Enterprise Role Management (Role.","https://www.shine.com/jobs/tcs-is-hiring-for-sap-grc/tata-consultancy-services-ltd/6507645/","TCS is hiring for SAP GRC","https://www.shine.com/jobs/tcs-is-hiring-for-sap-grc/tata-consultancy-services-ltd/6507645/","4 to 7 Yrs","https://www.shine.com/jobs/tcs-is-hiring-for-sap-grc/tata-consultancy-services-ltd/6507645/","Candidates should have Experience in SAP Security and Authorization area having experience in GRC. . Exposure to following areas are required : Super User Privilage Management (FireFighter).Enterprise Role Management (Role.","https://www.shine.com/jobs/tcs-is-hiring-for-sap-grc/tata-consultancy-services-ltd/6507645/","Skills :","SAP GRC","Apply","Posted Date 11-Dec-2016"
"https://www.shine.com/job-search/it-software-industry-jobs-7","TCS is hiring SAP FIORITata Consultancy Services Ltd.4 to 7 YrsBangalore Should have knowledge on SAP UI5, SAP FIORI, Java script, CSS 3.0, HTML 5, Jquerry and SML. Knowledge on ABAP OOO, O data, Netweaver Gateway.","https://www.shine.com/jobs/tcs-is-hiring-sap-fiori/tata-consultancy-services-ltd/6507647/","TCS is hiring SAP FIORI","https://www.shine.com/jobs/tcs-is-hiring-sap-fiori/tata-consultancy-services-ltd/6507647/","4 to 7 Yrs","https://www.shine.com/jobs/tcs-is-hiring-sap-fiori/tata-consultancy-services-ltd/6507647/","Should have knowledge on SAP UI5, SAP FIORI, Java script, CSS 3.0, HTML 5, Jquerry and SML. Knowledge on ABAP OOO, O data, Netweaver Gateway.","https://www.shine.com/jobs/tcs-is-hiring-sap-fiori/tata-consultancy-services-ltd/6507647/","Skills :","SAP FIORI","Apply","Posted Date 11-Dec-2016"
"https://www.shine.com/job-search/it-software-industry-jobs-7","TCS is hiring SAP CRM WEBUITata Consultancy Services Ltd.4 to 7 YrsBangalore SAP CRM, development, ABAP OO BOL programming, BADIS Knowledge on Adobe forms, Workflow. Knowledge in Sales / Marketing E2 level competency required One Order Data Model E2 level competency required.","https://www.shine.com/jobs/tcs-is-hiring-sap-crm-webui/tata-consultancy-services-ltd/6507651/","TCS is hiring SAP CRM WEBUI","https://www.shine.com/jobs/tcs-is-hiring-sap-crm-webui/tata-consultancy-services-ltd/6507651/","4 to 7 Yrs","https://www.shine.com/jobs/tcs-is-hiring-sap-crm-webui/tata-consultancy-services-ltd/6507651/","SAP CRM, development, ABAP OO BOL programming, BADIS Knowledge on Adobe forms, Workflow. Knowledge in Sales / Marketing E2 level competency required One Order Data Model E2 level competency required.","https://www.shine.com/jobs/tcs-is-hiring-sap-crm-webui/tata-consultancy-services-ltd/6507651/","Skills :","SAP CRM WEBUI","Apply","Posted Date 11-Dec-2016"
